checks-gems25-dotted-h19-5-d2-8-20261002-e56ea318af89-nan.json	2379
checks-gems32-h19-5-smoothmaxcov-44090-zeros.tif.json	1221
checks-gems32-h19-5-smoothmaxcov-44090.tif.json	1214
checks-gems32-heatfield-44090-cv-supconfined-zeros.tif.json	1257
checks-gems32-lazygreedy-maxcov-44090-supconfined-zeros.tif.json	1037
checks-gems32-probe-S1-ANCHOR-identical-to-live-02600.tif.json	1090
checks-gems32-probe-S2-SCALE-lambda-0.5.tif.json	1021
checks-gems32-probe-S3-NULLADD-2000px.tif.json	1052
checks-gemsdoe32-h32d-submodular-multipysics-46090-20261004T183200Z-4de30601-nan.tif.json	1141
checks-gemsdoe32-h32d-submodular-multipysics-46090-20261004T183200Z-4de30601-zeros.tif.json	1147
gems25-dotted-h19-5-d2-8-20261002-e56ea318af89-nan.tif	1603424
gems25-dotted-h19-5-d2-8-20261002-e56ea318af89-zeros.tif	836982
gems32-bayesopt-dilation-scarp-d28-20261004-nan.json	1569
gems32-bayesopt-dilation-scarp-d28-20261004-nan.tif	355310
gems32-bayesopt-dilation-scarp-d28-20261004-zeros.json	1735
gems32-bayesopt-dilation-scarp-d28-20261004-zeros.tif	302357
gems32-h19-5-smoothmaxcov-44090.zip	154107
gems32-lazygreedy-maxcov-44090-supconfined-zeros.tif	806599
gems32-probe-S1-ANCHOR-identical-to-live-02600.tif	806758
gems32-probe-S2-SCALE-lambda-0.5.tif	799095
gems32-probe-S3-NULLADD-2000px.tif	810344
gemsdoe32-d28-ref02600-repro-44090-20261004T183200Z-426073b6-audit.json	4239
gemsdoe32-d28-ref02600-repro-44090-20261004T183200Z-426073b6-nan.tif	379333
gemsdoe32-d28-ref02600-repro-44090-20261004T183200Z-426073b6-zeros.tif	243828
gemsdoe32-h32a-dip-projected-step-46090-20261004T183200Z-838fcd84-audit.json	4148
gemsdoe32-h32a-dip-projected-step-46090-20261004T183200Z-838fcd84-nan.tif	385762
gemsdoe32-h32a-dip-projected-step-46090-20261004T183200Z-838fcd84-zeros.tif	250381
gemsdoe32-h32b-transtensional-swarm-45890-20261004T183200Z-27b7c9e6-audit.json	4204
gemsdoe32-h32b-transtensional-swarm-45890-20261004T183200Z-27b7c9e6-nan.tif	384916
gemsdoe32-h32b-transtensional-swarm-45890-20261004T183200Z-27b7c9e6-zeros.tif	249551
gemsdoe32-h32c-mt-claycap-breach-45890-20261004T183200Z-a5963d0a-audit.json	4170
gemsdoe32-h32c-mt-claycap-breach-45890-20261004T183200Z-a5963d0a-nan.tif	385772
gemsdoe32-h32c-mt-claycap-breach-45890-20261004T183200Z-a5963d0a-zeros.tif	250718
gemsdoe32-h32d-equalbudget-44090-20261004T183200Z-350cdc3f-audit.json	4194
gemsdoe32-h32d-equalbudget-44090-20261004T183200Z-350cdc3f-nan.tif	379319
gemsdoe32-h32d-equalbudget-44090-20261004T183200Z-350cdc3f-zeros.tif	243967
gemsdoe32-h32d-submodular-multipysics-46090-20261004T183200Z-4de30601-audit.json	4370
gemsdoe32-h32d-submodular-multipysics-46090-20261004T183200Z-4de30601-nan.tif	385688
gemsdoe32-h32d-submodular-multipysics-46090-20261004T183200Z-4de30601-zeros.tif	250577
gemsdoe32-h33-h33-2-b2-20261004T220000Z-e5eb6e7e-audit.json	3903
gemsdoe32-h33-h33-2-b2-20261004T220000Z-e5eb6e7e-nan.tif	355443
gemsdoe32-h33-h33-2-b2-20261004T220000Z-e5eb6e7e-zeros.tif	219065
gemsdoe32-h33-h33-2-b2-20261004T220000Z-e5eb6e7e-zeros.zip	216
gemsdoe32-h33-h33-2b2-plus-h33-1-20261004T220000Z-31588dc7-audit.json	3971
gemsdoe32-h33-h33-2b2-plus-h33-1-20261004T220000Z-31588dc7-nan.tif	358154
gemsdoe32-h33-h33-2b2-plus-h33-1-20261004T220000Z-31588dc7-zeros.tif	221921
submissions_manifest.json	15647
