11GEMSDOE	2026-09-27T04:49:15Z	756
12GEMSDOE	2026-10-05T23:09:50Z	5965
13GEMSDOE	2026-10-01T14:04:52Z	25247
14GEMSDOE	2026-09-29T18:14:11Z	1969
15GEMSDOE	2026-09-29T15:46:55Z	1793
16GEMSDOE	2026-10-05T14:32:27Z	7244
17GEMSDOE	2026-09-30T05:10:00Z	49616
18GEMSDOE	2026-09-30T21:33:47Z	854
19GEMSDOE	2026-09-30T21:55:24Z	7226
20GEMSDOE	2026-10-01T14:15:34Z	10304
5GEMSDOE	2026-10-05T14:50:15Z	475436
6GEMSDOE	2026-09-26T04:28:31Z	390407
7GEMSDOE	2026-09-27T01:12:04Z	239767
8GEMSDOE	2026-09-26T23:21:37Z	4048
AirPremia	2026-09-11T21:01:59Z	81
BathTubOverflowSF	2026-09-17T21:00:16Z	1497
BusanL7HaeundaeLotteHotelStay	2026-09-01T23:58:51Z	252
Commodities	2026-10-05T22:31:12Z	28907
Coupons	2026-09-23T00:32:15Z	719
CruiseDeals	2026-08-30T02:00:30Z	539
DrugAnalysis	2026-09-22T17:12:38Z	59494
Elections	2026-10-05T21:24:13Z	68786
ErrorsLive	2026-10-06T00:30:36Z	17943
FLABSENGY	2026-09-22T18:50:51Z	89
FUTURESCOMMODITIES	2026-10-05T22:25:48Z	18118
GEMSDOE	2026-10-05T14:47:25Z	400958
GEMSDOE10	2026-09-28T02:23:47Z	321648
GEMSDOE2	2026-10-05T14:36:29Z	421804
GEMSDOE21	2026-10-01T14:09:14Z	2335
GEMSDOE22	2026-10-02T10:13:51Z	21809
GEMSDOE23	2026-10-05T20:41:57Z	7532
GEMSDOE24	2026-10-02T17:46:35Z	237700
GEMSDOE25	2026-10-06T00:07:56Z	11714
GEMSDOE26	2026-10-03T04:50:43Z	2799
GEMSDOE27	2026-10-05T14:32:29Z	6850
GEMSDOE28	2026-10-05T14:40:06Z	26927
GEMSDOE29	2026-10-04T01:36:56Z	7726
GEMSDOE3	2026-09-25T17:36:01Z	24765
GEMSDOE30	2026-10-05T21:14:53Z	5820
GEMSDOE31	2026-10-04T13:46:28Z	21480
GEMSDOE32	2026-10-05T12:25:41Z	8673
GEMSDOE33	2026-10-04T19:05:13Z	6203
GEMSDOE34	2026-10-04T22:55:52Z	5691
GEMSDOE35	2026-10-04T22:59:42Z	753
GEMSDOE36	2026-10-04T21:17:21Z	1095
GEMSDOE37	2026-10-05T06:05:10Z	2302
GEMSDOE38	2026-10-05T02:06:13Z	9616
GEMSDOE39	2026-10-05T06:32:31Z	1857
GEMSDOE4	2026-10-05T14:47:38Z	131577
GEMSDOE40	2026-10-06T00:20:15Z	17917
GEMSDOE41	2026-10-06T00:47:01Z	11135
GEMSDOE42	2026-10-06T00:17:32Z	1374
GEMSDOE43	2026-10-04T22:07:30Z	0
GEMSDOE44	2026-10-04T22:07:35Z	0
GEMSDOE45	2026-10-04T22:07:42Z	0
GEMSDOE46	2026-10-05T22:50:26Z	0
GEMSDOE47	2026-10-05T22:50:30Z	0
GEMSDOE48	2026-10-05T22:50:36Z	0
GEMSDOE49	2026-10-05T22:52:48Z	0
GEMSDOE50	2026-10-05T22:51:05Z	0
GEMSDOE51	2026-10-05T22:51:08Z	0
GEMSDOE52	2026-10-05T22:51:20Z	0
GEMSDOE53	2026-10-05T22:51:22Z	0
GEMSDOE54	2026-10-05T22:51:28Z	0
GEMSDOE9	2026-09-27T05:06:19Z	2128
GOLD	2026-08-28T20:50:03Z	1195
GRANTWRITING	2026-10-04T15:56:19Z	7650
HongdaeStay	2026-09-02T02:00:49Z	211
HotelSeoulRoughdraft1	2026-08-18T22:12:49Z	1336
InjuryAlerTNFL	2026-09-25T00:14:09Z	340
Insider-trades	2026-08-19T17:06:22Z	3816
Itinerary-Korea	2026-08-18T20:40:06Z	981
KalshiPaperSim	2026-10-06T00:52:25Z	203991
Korea	2026-08-29T01:04:54Z	558
Korea-emergency	2026-08-21T22:41:38Z	432
KoreaHotels	2026-08-30T17:52:07Z	3014
LEARNGEMSDOE	2026-09-27T01:01:32Z	918
LSTARENGY	2026-09-23T00:06:01Z	181
Leg3SeoulTrip	2026-08-30T23:59:41Z	0
MALTASUPPLEMENTAL	2026-09-24T17:18:15Z	277
MLB-Live-PBP	2026-09-26T01:12:16Z	1177
MLB-PBP	2026-09-22T20:32:26Z	77
MLB-Prediction-model-backtest	2026-08-17T23:49:33Z	1388
MLBComp	2026-09-22T23:57:23Z	2352
MLBRainDelay	2026-09-22T07:08:37Z	469
MLBSCORINGCHANGE	2026-10-05T22:04:22Z	17313
MasterSelfLearn	2026-10-05T12:15:26Z	6702
MasterSite	2026-10-02T00:09:29Z	1731
NBAComp	2026-10-06T00:15:23Z	45809
NBAInjScoreboard	2026-09-25T23:10:04Z	239
NBAInjuryReport	2026-10-05T18:25:18Z	2395
NBASCOREBOARD	2026-10-05T23:16:02Z	2716
NFL-PLAYER-PROP-SIM	2026-09-22T23:52:56Z	0
NFL-scoreboard	2026-09-10T17:41:32Z	775
NFLComp	2026-09-23T17:28:00Z	17733
NFLInjuryReport	2026-10-06T01:07:27Z	191790
NFLMAIN	2026-10-05T23:04:16Z	5114
NFLPARLAYCOMP	2026-10-06T00:42:48Z	65220
NFLPRED	2026-08-17T21:26:44Z	0
NHL-SCOREBOARD	2026-10-05T12:34:12Z	2877
NHLComp	2026-09-23T00:30:56Z	37282
NOBEL-PRIZE	2026-09-24T17:34:55Z	4382
Ncaa-football-alerts	2026-09-06T00:31:02Z	302
OLBG-Competition	2026-09-22T23:39:23Z	1644
PFFNFL	2026-08-17T21:12:44Z	35
POSTSEASONMLBALERTS	2026-09-30T19:53:15Z	666
PRICINGEXPERT	2026-10-06T00:45:22Z	5860
ParlaySports	2026-10-05T17:12:54Z	6683
PlumbingSF	2026-09-04T20:12:24Z	1176
PriceKalshiHistorical	2026-08-19T17:06:24Z	132
ProjX	2026-09-07T17:31:35Z	8253
RADIOSF	2026-09-28T16:32:56Z	895
RGENGY	2026-09-23T00:33:18Z	565
SABERENGY	2026-09-22T23:38:15Z	138
SFLateNight	2026-09-06T04:26:17Z	450
SFWeather	2026-10-05T16:15:42Z	13637
SIM-COMP-NOBEL-PRIZE	2026-10-04T17:42:08Z	41291
ScheduleFreeTime	2026-09-17T23:52:24Z	914
SelfLearn	2026-10-06T00:12:47Z	16510
ShoulderPain	2026-09-21T04:26:43Z	471
SocialMediaComp	2026-09-21T23:23:44Z	113
SportsPred	2026-09-05T08:23:56Z	16526
StanfordStay	2026-08-22T08:46:47Z	358
StockPaperSim	2026-10-03T00:28:14Z	20126
StokEngineer	2026-09-23T01:42:41Z	288
TAXKALSHI	2026-09-24T23:58:35Z	111
THUNDERPICK-WC-2026	2026-09-24T17:09:03Z	244
THUNDERPICKCOMP	2026-10-06T00:49:48Z	11857
TinoLunchSpecial	2026-09-17T16:58:02Z	2076
TradingViewTheLeap	2026-10-05T22:30:08Z	14611
Tradingview-pinescript-editor	2026-08-10T01:43:17Z	112
VacationSchedule	2026-09-27T17:53:44Z	1798
VapePods	2026-09-15T22:43:19Z	110
WoWForever	2026-10-05T15:42:25Z	509
based-loaded-MLB-alert-system	2026-09-30T01:49:27Z	1110
